{"cameraMode":{"drawMode":0,"name":"Shaded","section":"Shading Mode"},"sceneLighting":true,"audioPlay":false,"sceneViewState":{"m_AlwaysRefresh":false,"showFog":true,"showSkybox":true,"showFlares":true,"showImageEffects":true,"showParticleSystems":true,"showVisualEffectGraphs":true,"m_FxEnabled":true},"in2DMode":false,"pivot":{"x":0.10364305973052979,"y":-2.9221010208129885,"z":-0.009493827819824219},"rotation":{"x":-0.04466922953724861,"y":0.016796521842479707,"z":0.0007374822162091732,"w":0.9988870620727539},"size":4.343116760253906,"orthographic":false}