{"cameraMode":{"drawMode":0,"name":"Shaded","section":"Shading Mode"},"sceneLighting":true,"audioPlay":false,"sceneViewState":{"m_AlwaysRefresh":false,"showFog":true,"showSkybox":true,"showFlares":true,"showImageEffects":true,"showParticleSystems":true,"showVisualEffectGraphs":true,"m_FxEnabled":true},"in2DMode":false,"pivot":{"x":-0.018662314862012864,"y":3.646744966506958,"z":8.802014350891114},"rotation":{"x":0.07162024825811386,"y":0.015556602738797665,"z":0.0011156511027365924,"w":-0.9973228573799133},"size":8.473371505737305,"orthographic":false}