{"cameraMode":{"drawMode":0,"name":"Shaded","section":"Shading Mode"},"sceneLighting":true,"audioPlay":false,"sceneViewState":{"m_AlwaysRefresh":false,"showFog":true,"showSkybox":true,"showFlares":true,"showImageEffects":true,"showParticleSystems":true,"showVisualEffectGraphs":true,"m_FxEnabled":true},"in2DMode":false,"pivot":{"x":-1.4749901294708253,"y":7.069627285003662,"z":30.759929656982423},"rotation":{"x":0.07162024825811386,"y":0.015556602738797665,"z":0.0011156511027365924,"w":-0.9973228573799133},"size":22.3209228515625,"orthographic":false}