{"cameraMode":{"drawMode":0,"name":"Shaded","section":"Shading Mode"},"sceneLighting":false,"audioPlay":false,"sceneViewState":{"m_AlwaysRefresh":false,"showFog":true,"showSkybox":false,"showFlares":true,"showImageEffects":true,"showParticleSystems":true,"showVisualEffectGraphs":true,"m_FxEnabled":true},"in2DMode":false,"pivot":{"x":0.7666396498680115,"y":-1.0394821166992188,"z":-1.522226333618164},"rotation":{"x":0.3588089346885681,"y":-0.030237076804041864,"z":-0.01163280289620161,"w":-0.9328594207763672},"size":5.4959635734558109,"orthographic":false}